{
  "logs": [
    {
      "file": "/tmp/anr_cli_6ark6a2n/FS/data/anr/anr_2025-07-23-23-31-04-078",
      "filename": "anr_2025-07-23-23-31-04-078",
      "type": "ANR",
      "cmdline": "Input dispatching timed out (c5a9327 com.google.android.youtube.tv/com.google.android.apps.youtube.tv.activity.MainActivity (server) is not responding. Waited 5001ms for FocusEvent(hasFocus=false))",
      "process": "com.google.android.youtube.tv",
      "timestamp": "2025-07-23 23:31:03",
      "filesize": 3848554,
      "line_number": 1,
      "folder_path": ".../anr_cli_6ark6a2n/FS/data/anr",
      "problem_set": "FS"
    },
    {
      "file": "/tmp/anr_cli_6ark6a2n/Group1/anr/anr_2025-07-24-03-56-24-800",
      "filename": "anr_2025-07-24-03-56-24-800",
      "type": "ANR",
      "cmdline": "Broadcast of Intent { act=android.intent.action.SCREEN_OFF flg=0x50200010 cmp=com.google.android.youtube.tv/emc }",
      "process": "android.intent.action.SCREEN_OFF",
      "timestamp": "2025-07-24 03:55:58",
      "filesize": 4220253,
      "line_number": 1,
      "folder_path": ".../tmp/anr_cli_6ark6a2n/Group1/anr",
      "problem_set": "Group1"
    }
  ],
  "statistics": {
    "by_process": {},
    "by_process_type": {
      "ANR": {},
      "Tombstone": {}
    },
    "by_cmdline": {},
    "by_type": {},
    "by_date": {
      "2025-07-23": 1,
      "2025-07-24": 1
    },
    "by_date_type": {
      "ANR": {
        "2025-07-23": 1,
        "2025-07-24": 1
      },
      "Tombstone": {}
    },
    "by_hour": {
      "03:00": 1,
      "23:00": 1
    },
    "by_hour_type": {
      "ANR": {
        "03:00": 1,
        "23:00": 1
      },
      "Tombstone": {}
    },
    "by_folder": {
      "anr": 2
    },
    "unique_processes": [],
    "total_unique_processes": 0,
    "type_process_summary": [
      {
        "type": "ANR",
        "process": "com.google.android.youtube.tv",
        "count": 1,
        "problem_sets": [
          "FS"
        ]
      },
      {
        "type": "ANR",
        "process": "android.intent.action.SCREEN_OFF",
        "count": 1,
        "problem_sets": [
          "Group1"
        ]
      }
    ]
  },
  "file_statistics": [
    {
      "filename": "anr_2025-07-23-23-31-04-078",
      "filepath": "/tmp/anr_cli_6ark6a2n/FS/data/anr/anr_2025-07-23-23-31-04-078",
      "type": "ANR",
      "count": 1,
      "filesize": 3848554,
      "processes": [
        "com.google.android.youtube.tv (1)"
      ],
      "timestamp": "2025-07-23 23:31:03",
      "folder_path": ".../anr_cli_6ark6a2n/FS/data/anr",
      "problem_set": "FS"
    },
    {
      "filename": "anr_2025-07-24-03-56-24-800",
      "filepath": "/tmp/anr_cli_6ark6a2n/Group1/anr/anr_2025-07-24-03-56-24-800",
      "type": "ANR",
      "count": 1,
      "filesize": 4220253,
      "processes": [
        "android.intent.action.SCREEN_OFF (1)"
      ],
      "timestamp": "2025-07-24 03:55:58",
      "folder_path": ".../tmp/anr_cli_6ark6a2n/Group1/anr",
      "problem_set": "Group1"
    }
  ],
  "total_files": 7,
  "files_with_cmdline": 2,
  "anr_folders": 2,
  "tombstone_folders": 2,
  "analysis_time": 0.06,
  "used_grep": true,
  "zip_files_extracted": 1,
  "anr_subject_count": 2
}